{
  "contacts": [
    {
      "id": 1,
      "name": "chithra",
      "email": "chithravaradan1@gmail.com",
      "subject": "error",
      "message": "fsfas"
    },
    {
      "id": 2
    },
    {
      "id": 3
    },
    {
      "id": 4
    },
    {
      "id": 5
    },
    {
      "CountactName": "",
      "Contact_email": "",
      "Contact_subject": "",
      "Contact_message": "",
      "id": 6
    },
    {
      "name": "C.G VARADARAJAN",
      "email": "chithravaradan1@gmail.com",
      "subject": "fdutyou8i",
      "message": "",
      "id": 7
    },
    {
      "name": "CHITHRA VARADAN",
      "email": "chithravaradan1@gmail.com",
      "subject": "test",
      "message": "test",
      "id": 8
    },
    {
      "name": "",
      "email": "",
      "subject": "",
      "message": "",
      "id": 9
    },
    {
      "name": "",
      "email": "",
      "subject": "",
      "message": "",
      "id": 10
    },
    {
      "name": "",
      "email": "",
      "subject": "",
      "message": "",
      "id": 11
    },
    {
      "name": "Chithra",
      "email": "chithravaradan.asiet.20@gmail.com",
      "subject": "sds",
      "message": "jgfgjhk",
      "id": 12
    },
    {
      "name": "CHITHRA",
      "email": "chithravaradan.asiet.20@gmail.com",
      "subject": "test",
      "message": "tjgj",
      "id": 13
    },
    {
      "name": "CHITHRA VARADAN",
      "email": "chithravaradan1@gmail.com",
      "subject": "test",
      "message": "test",
      "id": 14
    },
    {
      "name": "aswathy",
      "email": "aswathy@gmail.com",
      "subject": "ffxfcgv hbhbh",
      "message": "thtrjyi",
      "id": 15
    },
    {
      "name": "aswathy",
      "email": "aswathy@gmail.com",
      "subject": "ffxfcgv hbhbh",
      "message": "rthyjuyuj uyu",
      "id": 16
    },
    {
      "name": "ghvghv",
      "email": "chithravaradan1@gmail.com",
      "subject": "ffxfcgv hbhbh",
      "message": "tuyuiy7i",
      "id": 17
    },
    {
      "name": "ghvghv",
      "email": "varadanc577@gmail.com",
      "subject": "yhiyhi",
      "message": "cverxrt",
      "id": 18
    },
    {
      "name": "john ",
      "email": "john@gmail.com",
      "subject": "test",
      "message": "utrjytkuykl",
      "id": 19
    }
  ]
}